0|Graiden|Addison|receptionist|1-144-116-2107
1|Devin|Denton|nurse|1-283-602-1919  
2|Nathan|Irene|nurse|1-455-382-1199   
3|Robert|Baxter|doctor|1-763-132-4526           
4|Fredericka|Farrah|accountant|1-504-759-6547       
5|Myra|Leonard|nurse|1-149-589-2333             
6|Michelle|Cedric|doctor|1-140-261-7680            
7|Rooney|Zeph|receptionist|1-565-604-1454               
8|Aline|Rebekah|receptionist|1-930-503-2121            
9|Brenda|Scott|doctor|1-544-122-7635             
10|Hammett|Linus|receptionist|1-559-444-1963          
11|Fleur|Owen|doctor|1-352-793-4449           
12|Yael|Aspen|receptionist|1-983-329-9776          
13|Christian|Avram|doctor|1-233-141-0890     
14|Maite|Kaitlin|doctor|1-750-131-2125        
15|Mohammad|Aidan|doctor|1-346-916-7735          
16|Leroy|Camille|receptionist|1-523-525-0090        
17|Belle|Claire|receptionist|1-946-676-6669       